{
  "name": "ibm-mq-source-connector",
  "config": {
    "connector.class": "com.ibm.eventstreams.connect.mqsource.MQSourceConnector",
    "tasks.max": "1",

    "mq.queue.manager": "QM1",
    "mq.connection.name.list": "ibm-mq(1414)",
    "mq.channel.name": "DEV.APP.SVRCONN",
    "mq.queue": "DEV.QUEUE.1",
    "mq.user.name": "app",
    "mq.password": "passw0rd",

    "topic": "edl0",
    "key.converter": "org.apache.kafka.connect.storage.StringConverter",
    "value.converter": "org.apache.kafka.connect.storage.StringConverter",

    "mq.message.body.jms": "true",
    "mq.record.builder": "com.ibm.eventstreams.connect.mqsource.builders.DefaultRecordBuilder",

    "producer.override.security.protocol": "SASL_SSL",
    "producer.override.sasl.mechanism": "PLAIN",
    "producer.override.sasl.jaas.config": "org.apache.kafka.common.security.plain.PlainLoginModule required username=\"HR7TAQ2BUMBYORKM\" password=\"b2HjwO2W1UvTzD5g60oR8QCezOQlEr4QwNuR9l/XYqH+fStfpYkkc4HTNWIMRHch\";"
  }
}
